stage_id,n,mean,std,ci95_low,ci95_high
S2,1.0,71625.42340486847,0.0,71625.42340486847,71625.42340486847
S3,1.0,74240.44711898209,0.0,74240.44711898209,74240.44711898209
