stage_id,n,mean,std,ci95_low,ci95_high
S2,1.0,2.9939842224121094,0.0,2.9939842224121094,2.9939842224121094
S3,1.0,2.675201416015625,0.0,2.675201416015625,2.675201416015625
