{"_wandb":{"runtime":112},"train/gradient_norm":2.562263011932373,"_step":7,"train/train_step_seconds":0.36893911904189736,"train/data_wait_seconds":8.34539532661438e-05,"_runtime":112.621415738,"train/loss":11,"train/batch_sharding_seconds":0.002809402998536825,"train/outer_learning_rate":4.375004209578037e-05,"train/loss_ce":11,"train/tokens_seen":4194304,"_timestamp":1.7733288463797297e+09}
